,ENGINE,COMPANY,AUTHOR,TITLE
0,NAVER,문**보,김*현 기자,기사
1,NAVER,S**,홍*영 기자,기사
2,NAVER,경**문,김*솔 기자,기사
3,NAVER,데**안,전*민 기자,기사
4,DAUM,머**데이,하*린 기자,기사
5,NAVER,S**,K*N 기자,기사
6,NAVER,S** Biz,이*라 기자,기사
7,NAVER,뉴**,박*태 기자,기사
8,DAUM,머**데이,이*범 기자,기사
9,NAVER,뉴**,박*태 기자,기사
10,DAUM,뉴**,박*태 기자,기사
11,NAVER,뉴**,박*태 기자,기사
12,NAVER,뉴**,박*태 기자,기사
13,NAVER,뉴**,박*태 기자,기사
14,DAUM,뉴**,박*태 기자,기사
15,DAUM,뉴**,박*태 기자,기사
16,NAVER,뉴**,박*태 기자,기사
17,NAVER,뉴**,박*태 기자,기사
18,NAVER,뉴**,박*태 기자,기사
19,DAUM,뉴**,박*태 기자,기사
20,DAUM,뉴**,박*태 기자,기사
21,NAVER,뉴**,박*태 기자,기사
22,DAUM,뉴**,박*태 기자,기사
23,DAUM,데**안,박*여 기자,기사
24,NAVER,뉴**,한*수 기자,기사
25,NAVER,국**보,문*성 기자,기사
26,NAVER,프**안,이*희 기자,기사
27,NAVER,아**스24,채*무기자,기사
28,NAVER,S**,정*미 기자,기사
29,NAVER,머**데이,안*준 기자,기사
30,NAVER,뉴**,한*수 기자,기사
31,NAVER,서**제,이*운 기자,기사
32,NAVER,뉴**,이*문 기자,기사
33,NAVER,뉴**,박*주 기자,기사
34,NAVER,아**스24,김*리기자,기사
35,NAVER,머**,김*향 기자,기사
36,DAUM,S**,이*엽 기자,기사
37,NAVER,국**보,김*길 기자,기사
38,NAVER,서**제,전*선 기자,기사
39,NAVER,S**,송* 기자,기사
40,DAUM,머**,김*현 기자,기사
41,NAVER,S**,정* 기자,기사
42,NAVER,국**보,이*현 기자,기사
43,DAUM,S**,이*영 기자,기사
44,NAVER,조**즈,김*정 기자,기사
45,NAVER,조**보,최*선 기자,기사
46,NAVER,서**제,류* 기자,기사
47,NAVER,서**제,유*희 기자,기사
48,NAVER,뉴**,서*선 기자,기사
49,DAUM,서**제,권*원 기자,기사
50,DAUM,경**문,고*득 기자,기사
51,NAVER,S**,정* 기자,기사
52,NAVER,뉴**,이*원 기자,기사
53,DAUM,뉴**,이*원 기자,기사
54,DAUM,뉴**,이*원 기자,기사
55,DAUM,서**제,김*훈 기자,기사
56,DAUM,뉴**,한*수 기자,기사
57,NAVER,S** Biz,김*우 기자,기사
58,NAVER,S** Biz,황*표 기자,기사
59,NAVER,S** Biz,손*우 기자,기사
60,NAVER,S** Biz,송*희 기자,기사
61,NAVER,데**안,문*구 기자,기사
62,DAUM,머**,허*열 기자,기사
63,NAVER,머**데이,최*민 기자,기사
64,NAVER,뉴**,류*민 기자,기사
65,NAVER,한**제TV,권*훈 기자,기사
66,NAVER,조**즈,이*승 기자,기사
67,NAVER,데**안,이*재 기자,기사
68,NAVER,문**보,곽*열 기자,기사
69,DAUM,조**즈,이*재 기자,기사
70,NAVER,아**스24,유*형기자,기사
71,NAVER,문**보,유*경 기자,기사
72,NAVER,S**,정*식 기자,기사
73,DAUM,문**보,김*채 기자,기사
74,NAVER,아**스24,윤*나기자,기사
75,NAVER,문**보,김*채 기자,기사
76,NAVER,국**보,구*찬 기자,기사
77,NAVER,뉴**,김*완 기자,기사
78,NAVER,서**제,서*명 기자,기사
79,NAVER,뉴**,곽*미 기자,기사
80,NAVER,경**문,손*민 기자,기사
81,DAUM,뉴**,성*현 기자,기사
82,NAVER,서**제,문*도 기자,기사
83,NAVER,뉴**,이*철 기자,기사
84,NAVER,조**보,김*기 기자,기사
85,NAVER,뉴**,최*무 기자,기사
86,DAUM,아**스24,윤*나기자,기사
87,DAUM,서**제,하*연 기자,기사
88,DAUM,서**제,김*훈 기자,기사
89,NAVER,문**보,박*민 기자,기사
90,DAUM,조**보,윤*준 기자,기사
91,NAVER,서**제,강*우 기자,기사
92,NAVER,뉴**,박*진 기자,기사
93,NAVER,뉴**,이*문 기자,기사
94,DAUM,머**,최*신 기자,기사
95,NAVER,S**,홍*영 기자,기사
96,NAVER,뉴**,이*원 기자,기사
97,NAVER,뉴**,배*식 기자,기사
98,NAVER,뉴**,배*식 기자,기사
99,NAVER,뉴**,배*식 기자,기사
100,NAVER,뉴**,배*식 기자,기사
101,NAVER,시**N,천*율 기자,기사
102,NAVER,머**,서*웅 기자,기사
103,NAVER,뉴**,김* 기자,기사
104,DAUM,데**안,박*여 기자,기사
105,NAVER,뉴**,서*선 기자,기사
106,NAVER,조**즈,김*범 기자,기사
107,NAVER,머**,서*웅 기자,기사
108,DAUM,경**문,선*수 기자,기사
109,NAVER,뉴**,한*수 기자,기사
110,DAUM,데**안,조*의 기자,기사
111,NAVER,S**,강*완 기자,기사
112,NAVER,데**안,조*의 기자,기사
113,NAVER,뉴**,이*진 기자,기사
114,DAUM,머**데이,안*용 기자,기사
115,DAUM,머**데이,조*희 기자,기사
116,NAVER,데**안,조*의 기자,기사
117,NAVER,서**제,김*필 기자,기사
118,NAVER,S**,박*경 기자,기사
119,DAUM,머**,김*정 기자,기사
120,DAUM,데**안,조*의 기자,기사
121,NAVER,조**보,김*민 기자,기사
122,DAUM,S** Biz,장*현 기자,기사
123,DAUM,서**제,정*람 기자,기사
124,NAVER,S**,이*영 기자,기사
125,NAVER,뉴**,김*완 기자,기사
126,NAVER,아**스24,윤*나기자,기사
127,NAVER,S**,이*영 기자,기사
128,NAVER,머**데이,김*현 기자,기사
129,NAVER,S**,정*경 기자,기사
130,NAVER,뉴**,이*호 기자,기사
131,NAVER,S**,박*진 기자,기사
132,NAVER,국**보,권*혁 기자,기사
133,NAVER,서**제,이*운 기자,기사
134,NAVER,서**제,민*권 기자,기사
135,NAVER,S**,하*석 기자,기사
136,DAUM,경**문,김*환 기자,기사
137,NAVER,서**제,권*원 기자,기사
138,NAVER,국**보,권*혜 기자,기사
139,NAVER,국**보,이*연 기자,기사
140,DAUM,뉴**,박*진 기자,기사
141,NAVER,머**데이,김*휘 기자,기사
142,NAVER,서**제,박*호 기자,기사
143,DAUM,뉴**,박*휘 기자,기사
144,NAVER,뉴**,박*휘 기자,기사
145,NAVER,머**데이,조*희 기자,기사
146,NAVER,머**데이,조*희 기자,기사
147,NAVER,S**,유*규 기자,기사
148,NAVER,뉴**,성*현 기자,기사
149,DAUM,데**안,조*의 기자,기사
150,DAUM,머**데이,정*우 기자,기사
151,NAVER,머**,김*현 기자,기사
152,NAVER,뉴**,이*민 기자,기사
153,DAUM,서**제,장*영 기자,기사
154,DAUM,서**제,김*주 기자,기사
155,DAUM,서**제,김*상 기자,기사
156,DAUM,S**,정*태 기자,기사
157,NAVER,데**안,이*우 기자,기사
158,NAVER,머**데이,김*휘 기자,기사
159,NAVER,데**안,조*의 기자,기사
160,NAVER,머**데이,조*희 기자,기사
161,NAVER,국**보,최*우 기자,기사
162,DAUM,서**제,송*희 기자,기사
163,NAVER,S**,김*윤 기자,기사
164,NAVER,문**보,유*진 기자,기사
165,NAVER,머**데이,송*유 기자,기사
166,NAVER,머**데이,송*유 기자,기사
167,NAVER,국**보,이*선 기자,기사
168,NAVER,문**보,최*영 기자,기사
169,DAUM,한**제TV,임*진 기자,기사
170,NAVER,문**보,장*철 기자,기사
171,NAVER,조**즈,최*묵 기자,기사
172,NAVER,경**문,이*선 기자,기사
173,DAUM,아**스24,김*식기자,기사
174,NAVER,서**제,이*영 기자,기사
175,NAVER,서**제,박*윤 기자,기사
176,NAVER,서**제,류* 기자,기사
177,NAVER,뉴**,공*식 기자,기사
178,NAVER,뉴**,공*식 기자,기사
179,NAVER,뉴**,공*식 기자,기사
180,NAVER,뉴**,공*식 기자,기사
181,DAUM,뉴**,공*식 기자,기사
182,NAVER,뉴**,공*식 기자,기사
183,NAVER,뉴**,공*식 기자,기사
184,NAVER,뉴**,공*식 기자,기사
185,NAVER,뉴**,우*록 기자,기사
186,DAUM,뉴**,우*록 기자,기사
187,DAUM,뉴**,우*록 기자,기사
188,DAUM,뉴**,우*록 기자,기사
189,NAVER,뉴**,우*록 기자,기사
190,DAUM,뉴**,우*록 기자,기사
191,NAVER,뉴**,우*록 기자,기사
192,NAVER,뉴**,우*록 기자,기사
193,NAVER,뉴**,우*록 기자,기사
194,DAUM,뉴**,우*록 기자,기사
195,NAVER,뉴**,우*록 기자,기사
196,NAVER,뉴**,우*록 기자,기사
197,NAVER,뉴**,우*록 기자,기사
198,NAVER,뉴**,우*록 기자,기사
199,NAVER,머**,류*혁 기자,기사
200,NAVER,조**보,유*훈 기자,기사
201,NAVER,조**즈,최*묵 기자,기사
202,NAVER,S**,곽*은 기자,기사
203,NAVER,문**보,박*민 기자,기사
204,DAUM,서**제,서*준 기자,기사
205,NAVER,뉴**,박*락 기자,기사
206,NAVER,조**즈,안*희 기자,기사
207,NAVER,경**문,구*형 기자,기사
208,DAUM,S** Biz,윤*혜 기자,기사
209,NAVER,경**문,구*형 기자,기사
210,DAUM,조**즈,설*인 기자,기사
211,NAVER,서**제,박*윤 기자,기사
212,NAVER,머**데이,백*수 기자,기사
213,NAVER,S** Biz,윤*혜 기자,기사
214,DAUM,S**,유*규 기자,기사
215,DAUM,조**즈,안*희 기자,기사
216,NAVER,경**문,강*한 기자,기사
217,NAVER,문**보,김*남 기자,기사
218,NAVER,조**보,유*훈 기자,기사
219,DAUM,서**제,장*정 기자,기사
220,DAUM,조**즈,안*호 기자,기사
221,NAVER,S**,조*성 기자,기사
222,DAUM,뉴**,강*규 기자,기사
223,DAUM,조**즈,최*준 기자,기사
224,NAVER,조**즈,설*인 기자,기사
225,NAVER,경**문,구*형 기자,기사
226,NAVER,뉴**,배*식 기자,기사
227,NAVER,뉴**,박*연 기자,기사
228,NAVER,뉴**,배*식 기자,기사
229,NAVER,뉴**,배*식 기자,기사
230,NAVER,뉴**,배*식 기자,기사
231,NAVER,뉴**,박*연 기자,기사
232,NAVER,뉴**,박*연 기자,기사
233,NAVER,뉴**,박*연 기자,기사
234,NAVER,미**오늘,손*영 기자,기사
235,NAVER,뉴**,강*규 기자,기사
236,DAUM,미**오늘,정*운 기자,기사
237,NAVER,국**보,박*환 기자,기사
238,NAVER,조**보,송*영 기자,기사
239,NAVER,뉴**,구*운 기자,기사
240,DAUM,머**데이,김*늬 기자,기사
241,NAVER,뉴**,구*운 기자,기사
242,NAVER,뉴**,강*규 기자,기사
243,DAUM,뉴**,이*민 기자,기사
244,NAVER,서**제,김*현 기자,기사
245,NAVER,서**제,장*정 기자,기사
246,NAVER,경**문,허*설 기자,기사
247,NAVER,S**,전*남 기자,기사
248,NAVER,뉴**,박*연 기자,기사
249,DAUM,뉴**,전*민 기자,기사
250,DAUM,뉴**,박*범 기자,기사
251,NAVER,머**,강*귀 기자,기사
252,NAVER,머**데이,김*늬 기자,기사
253,DAUM,조**보,이*진 기자,기사
254,DAUM,서**제,오*환 기자,기사
255,DAUM,뉴**,안*나 기자,기사
256,DAUM,조**보,유*훈 기자,기사
257,NAVER,서**제,서*준 기자,기사
258,NAVER,서**제,권*준 기자,기사
259,NAVER,머**데이,김*늬 기자,기사
260,NAVER,조**즈,최*묵 기자,기사
261,NAVER,서**제,손* 기자,기사
262,DAUM,조**즈,설*인 기자,기사
263,NAVER,경**문,구*형 기자,기사
264,NAVER,머**데이,구*민 기자,기사
265,NAVER,데**안,황*민 기자,기사
266,NAVER,서**제,홍*희 기자,기사
267,NAVER,머**데이,김*늬 기자,기사
268,NAVER,아**스24,조*근기자,기사
269,DAUM,뉴**,전*민 기자,기사
270,NAVER,조**보,박*엽 기자,기사
271,NAVER,머**데이,강*헌 기자,기사
272,NAVER,서**제,박*호 기자,기사
273,DAUM,서**제,박*인 기자,기사
274,NAVER,조**즈,최*준 기자,기사
275,NAVER,뉴**,피*윤 기자,기사
276,NAVER,S**,김*영 기자,기사
277,NAVER,머**데이,이*원 기자,기사
278,NAVER,서**제,김*필 기자,기사
279,NAVER,서**제,김*필 기자,기사
280,NAVER,서**제,오*환 기자,기사
281,DAUM,서**제,홍*희 기자,기사
282,NAVER,뉴**,전*민 기자,기사
283,NAVER,경**문,송*식 기자,기사
284,NAVER,조**보,이*진 기자,기사
285,NAVER,문**보,장*철 기자,기사
286,DAUM,서**제,송*희 기자,기사
287,DAUM,조**즈,안*희 기자,기사
288,DAUM,조**즈,설*인 기자,기사
289,NAVER,서**제,김*필 기자,기사
290,DAUM,조**보,최*희 기자,기사
291,NAVER,문**보,김*훈 기자,기사
292,NAVER,문**보,오*석 기자,기사
293,NAVER,S** Biz,윤*혜 기자,기사
294,DAUM,뉴**,홍*삼 기자,기사
295,NAVER,조**즈,안*현 기자,기사
296,NAVER,뉴**,박*호 기자,기사
297,NAVER,한**제TV,김*필 기자,기사
298,NAVER,미**오늘,강*원 기자,기사
299,NAVER,뉴**,박*호 기자,기사
300,NAVER,문**보,이*권 기자,기사
301,NAVER,미**오늘,정*경 기자,기사
302,NAVER,국**보,김*훈 기자,기사
303,NAVER,뉴**,피*윤 기자,기사
304,DAUM,머**데이,안*준 기자,기사
305,NAVER,조**보,이*진 기자,기사
306,NAVER,서**제,홍*희 기자,기사
307,NAVER,서**제,박*윤 기자,기사
308,DAUM,서**제,고*기 기자,기사
309,NAVER,머**데이,김*늬 기자,기사
310,DAUM,머**데이,김*늬 기자,기사
311,NAVER,조**보,유*훈 기자,기사
312,NAVER,국**보,이*선 기자,기사
313,NAVER,경**문,강*한 기자,기사
314,DAUM,뉴**,이*기 기자,기사
315,DAUM,뉴**,이*기 기자,기사
316,NAVER,뉴**,이*민 기자,기사
317,NAVER,뉴**,박*양 기자,기사
318,NAVER,조**즈,안*희 기자,기사
319,DAUM,조**보,이*진 기자,기사
320,DAUM,서**제,임*훈 기자,기사
321,NAVER,아**스24,조*근기자,기사
322,DAUM,서**제,양*윤 기자,기사
323,DAUM,뉴**,이*진 기자,기사
324,NAVER,머**데이,권*희 기자,기사
325,NAVER,조**보,유*훈 기자,기사
326,NAVER,미**오늘,김*연 기자,기사
327,NAVER,국**보,김* 기자,기사
328,NAVER,S**,전*남 기자,기사
329,NAVER,뉴**,최*호 기자,기사
330,NAVER,뉴**,최*호 기자,기사
331,NAVER,뉴**,최*호 기자,기사
332,NAVER,조**즈,설*인 기자,기사
333,NAVER,뉴**,박*태 기자,기사
334,NAVER,뉴**,박*호 기자,기사
335,NAVER,뉴**,박*호 기자,기사
336,DAUM,뉴**,박*호 기자,기사
337,NAVER,프**안,곽*훈 기자,기사
338,NAVER,뉴**,전*민 기자,기사
339,NAVER,머**데이,강*헌 기자,기사
340,DAUM,조**보,김*중 기자,기사
341,NAVER,데**안,이*우 기자,기사
342,NAVER,머**데이,김*늬 기자,기사
343,DAUM,뉴**,박*호 기자,기사
344,NAVER,문**보,유*경 기자,기사
345,NAVER,데**안,서*권 기자,기사
346,NAVER,뉴**,박*진 기자,기사
347,NAVER,국**보,박*지 기자,기사
348,NAVER,문**보,박*민 기자,기사
349,DAUM,문**보,김*훈 기자,기사
350,DAUM,조**보,권*완 기자,기사
351,NAVER,뉴**,강*규 기자,기사
352,NAVER,뉴**,김*연 기자,기사
353,DAUM,머**데이,권*민 기자,기사
354,DAUM,조**즈,최*묵 기자,기사
355,DAUM,국**보,정*용 기자,기사
356,DAUM,머**데이,김*늬 기자,기사
357,NAVER,경**문,이*영 기자,기사
358,NAVER,문**보,박*민 기자,기사
359,NAVER,조**즈,전*호 기자,기사
360,NAVER,뉴**,박*진 기자,기사
361,NAVER,S**,민*호 기자,기사
362,DAUM,국**보,박*주 기자,기사
363,NAVER,뉴**,강*규 기자,기사
364,NAVER,경**문,김*진 기자,기사
365,NAVER,뉴**,김*석 기자,기사
366,NAVER,뉴**,강*규 기자,기사
367,NAVER,뉴**,권*진 기자,기사
368,NAVER,국**보,지*일 기자,기사
369,DAUM,조**보,유*훈 기자,기사
370,NAVER,조**보,신*흔 기자,기사
371,NAVER,아**스24,조*근기자,기사
372,NAVER,머**데이,조*영 기자,기사
373,DAUM,국**보,임*수 기자,기사
374,NAVER,조**보,오*묵 기자,기사
375,NAVER,미**오늘,차*아 기자,기사
376,NAVER,조**즈,최*준 기자,기사
377,NAVER,국**보,하*해 기자,기사
378,NAVER,경**문,손*민 기자,기사
379,NAVER,뉴**,안*나 기자,기사
380,NAVER,뉴**,박*진 기자,기사
381,DAUM,국**보,강*구 기자,기사
382,NAVER,조**보,박*희 기자,기사
383,NAVER,S**,정*태 기자,기사
384,NAVER,뉴**,안*나 기자,기사
385,NAVER,뉴**,안*나 기자,기사
386,DAUM,뉴**,배*식 기자,기사
387,DAUM,뉴**,배*식 기자,기사
388,DAUM,뉴**,배*식 기자,기사
389,NAVER,뉴**,배*식 기자,기사
390,DAUM,국**보,나*원 기자,기사
391,NAVER,경**문,백* 기자,기사
392,NAVER,머**데이,최*민 기자,기사
393,NAVER,조**즈,박*엽 기자,기사
394,DAUM,데**안,전*민 기자,기사
395,NAVER,문**보,오*석 기자,기사
396,NAVER,문**보,박*민 기자,기사
397,NAVER,문**보,김*훈 기자,기사
398,NAVER,경**문,정*혁 기자,기사
399,NAVER,미**오늘,조*호 기자,기사
400,NAVER,뉴**,한*수 기자,기사
401,NAVER,조**즈,정*석 기자,기사
402,NAVER,조**보,박*주 기자,기사
403,NAVER,S**,남*모 기자,기사
404,DAUM,뉴**,조*영 기자,기사
405,NAVER,머**데이,김*휘 기자,기사
406,NAVER,경**문,박*필 기자,기사
407,NAVER,뉴**,김* 기자,기사
408,DAUM,서**제,구*우 기자,기사
409,NAVER,조**보,최*운 기자,기사
410,DAUM,티**데일리,한*지 기자,기사
411,NAVER,머**데이,오*은 기자,기사
412,NAVER,서**제,전*선 기자,기사
413,NAVER,서**제,민*권 기자,기사
414,DAUM,경**문,정*혁 기자,기사
415,DAUM,아**스24,채*무기자,기사
416,NAVER,머**데이,유*식 기자,기사
417,NAVER,조**보,최*운 기자,기사
418,NAVER,머**데이,유*식 기자,기사
419,DAUM,뉴**,박*주 기자,기사
420,DAUM,뉴**,박*주 기자,기사
421,NAVER,머**데이,최*민 기자,기사
422,DAUM,M**,김*환 기자,기사
423,DAUM,미**오늘,조*호 기자,기사
424,NAVER,서**제,권*원 기자,기사
425,NAVER,조**즈,송*형 기자,기사
426,NAVER,아**스24,윤*나기자,기사
427,NAVER,S**,전*남 기자,기사
428,NAVER,경**문,김*환 기자,기사
429,NAVER,S**,문*모 기자,기사
430,NAVER,조**보,김*기 기자,기사
431,NAVER,경**문,김*솔 기자,기사
432,NAVER,머**데이,이*희 기자,기사
433,NAVER,뉴**,배*식 기자,기사
434,NAVER,머**데이,이*희 기자,기사
435,NAVER,뉴**,박*휘 기자,기사
436,DAUM,뉴**,김*률 기자,기사
437,NAVER,머**데이,백*수 기자,기사
438,NAVER,조**보,김*기 기자,기사
439,NAVER,경**문,이*상 기자,기사
440,DAUM,S** Biz,장*현 기자,기사
441,NAVER,서**제,김*훈 기자,기사
442,NAVER,조**즈,이*목 기자,기사
443,DAUM,경**문,이*선 기자,기사
444,NAVER,뉴**,박*호 기자,기사
445,NAVER,아**스24,채*무기자,기사
446,NAVER,데**안,홍*표 기자,기사
447,NAVER,뉴**,이*환 기자,기사
448,NAVER,뉴**,이*환 기자,기사
449,DAUM,뉴**,배*식 기자,기사
450,DAUM,뉴**,배*식 기자,기사
451,NAVER,뉴**,이*환 기자,기사
452,NAVER,뉴**,이*환 기자,기사
453,DAUM,뉴**,이*환 기자,기사
454,DAUM,데**안,황*민 기자,기사
455,DAUM,S**,김*태 기자,기사
456,DAUM,머**데이,김*남 기자,기사
457,NAVER,뉴**,신*수 기자,기사
458,NAVER,뉴**,신*수 기자,기사
459,NAVER,뉴**,이*원 기자,기사
460,NAVER,뉴**,이*원 기자,기사
461,NAVER,뉴**,이*원 기자,기사
462,DAUM,뉴**,이*원 기자,기사
463,NAVER,뉴**,이*원 기자,기사
464,NAVER,뉴**,이*원 기자,기사
465,NAVER,뉴**,이*원 기자,기사
466,NAVER,뉴**,이*원 기자,기사
467,NAVER,뉴**,이*원 기자,기사
468,NAVER,뉴**,이*원 기자,기사
469,DAUM,뉴**,이*원 기자,기사
470,NAVER,뉴**,안*나 기자,기사
471,NAVER,뉴**,안*나 기자,기사
472,NAVER,뉴**,이*원 기자,기사
473,DAUM,뉴**,이*원 기자,기사
474,NAVER,뉴**,이*원 기자,기사
475,NAVER,미**오늘,조*호 기자,기사
476,NAVER,데**안,박*여 기자,기사
477,NAVER,조**보,엄*운 기자,기사
478,NAVER,경**문,고*득 기자,기사
479,NAVER,미**오늘,차*아 기자,기사
480,NAVER,미**오늘,조*호 기자,기사
481,DAUM,문**보,장*철 기자,기사
482,NAVER,문**보,허* 기자,기사
483,NAVER,뉴**,박*진 기자,기사
484,NAVER,조**보,김*화 기자,기사
485,NAVER,머**데이,남*민 기자,기사
486,DAUM,아**스24,윤*나기자,기사
487,DAUM,머**,김*현 기자,기사
488,DAUM,S**,이*석 기자,기사
489,NAVER,S**,권* 기자,기사
490,DAUM,미**오늘,이*림 기자,기사
491,NAVER,경**문,김*환 기자,기사
492,NAVER,국**보,조*은 기자,기사
493,NAVER,서**제,오*환 기자,기사
494,DAUM,조**보,김*기 기자,기사
495,NAVER,경**문,김*솔 기자,기사
496,NAVER,문**보,박*민 기자,기사
497,NAVER,S**,강*완 기자,기사
498,NAVER,S** Biz,황*표 기자,기사
499,NAVER,경**문,손*민 기자,기사
500,NAVER,조**즈,전*용 기자,기사
501,NAVER,서**제,이*호 기자,기사
502,NAVER,조**보,황*진 기자,기사
503,NAVER,아**스24,정*연기자,기사
504,DAUM,데**안,박*국 기자,기사
505,NAVER,데**안,문*구 기자,기사
506,NAVER,아**스24,정*연기자,기사
507,NAVER,조**보,양*식 기자,기사
508,DAUM,조**보,김*기 기자,기사
509,NAVER,경**문,박*봉 기자,기사
510,DAUM,S**,권* 기자,기사
511,NAVER,머**데이,오*은 기자,기사
512,NAVER,뉴**,배*식 기자,기사
513,NAVER,뉴**,배*식 기자,기사
514,DAUM,미**오늘,조*호 기자,기사
515,DAUM,조**보,정*행 기자,기사
516,NAVER,조**즈,정*석 기자,기사
517,NAVER,S** Biz,우*준 기자,기사
518,NAVER,뉴**,김* 기자,기사
519,DAUM,서**제,신*립 기자,기사
520,DAUM,뉴**,이*호 기자,기사
521,NAVER,경**문,임*선 기자,기사
522,DAUM,뉴**,이*기 기자,기사
523,DAUM,국**보,강*구 기자,기사
524,NAVER,문**보,김*진 기자,기사
525,NAVER,문**보,장*철 기자,기사
526,NAVER,머**데이,유*식 기자,기사
527,NAVER,뉴**,성*현 기자,기사
528,NAVER,문**보,노*열 기자,기사
529,NAVER,뉴**,한*준 기자,기사
530,NAVER,서**제,김*제 기자,기사
531,NAVER,뉴**,윤*정 기자,기사
532,NAVER,아**스24,윤*훈기자,기사
533,NAVER,조**즈,전*호 기자,기사
534,NAVER,머**데이,이*희 기자,기사
535,NAVER,S**,임*범 기자,기사
536,DAUM,뉴**,이* 기자,기사
537,NAVER,서**제,김*제 기자,기사
538,NAVER,뉴**,김*률 기자,기사
539,NAVER,서**제,김*보 기자,기사
540,DAUM,뉴**,박*범 기자,기사
541,NAVER,머**,장*락 기자,기사
542,NAVER,뉴**,김*석 기자,기사
543,DAUM,뉴**,곽*미 기자,기사
544,NAVER,서**제,권*원 기자,기사
545,NAVER,S**,이*철 기자,기사
546,NAVER,뉴**,이*환 기자,기사
547,NAVER,머**데이,김*휘 기자,기사
548,NAVER,뉴**,이*환 기자,기사
549,DAUM,뉴**,이*환 기자,기사
550,DAUM,뉴**,이*환 기자,기사
551,NAVER,뉴**,이*환 기자,기사
552,NAVER,뉴**,이*환 기자,기사
553,DAUM,뉴**,이*환 기자,기사
554,DAUM,뉴**,이*환 기자,기사
555,DAUM,뉴**,이*환 기자,기사
556,DAUM,뉴**,이*환 기자,기사
557,NAVER,뉴**,이*환 기자,기사
558,NAVER,뉴**,이*환 기자,기사
559,NAVER,뉴**,이*환 기자,기사
560,NAVER,뉴**,이*환 기자,기사
561,NAVER,뉴**,이*환 기자,기사
562,DAUM,뉴**,이*환 기자,기사
563,NAVER,뉴**,이*환 기자,기사
564,NAVER,데**안,홍*표 기자,기사
565,NAVER,뉴**,홍*식 기자,기사
566,NAVER,S** Biz,장*현 기자,기사
567,NAVER,S** Biz,장*현 기자,기사
568,NAVER,미**오늘,장*기 기자,기사
569,DAUM,국**보,백*진 기자,기사
570,NAVER,미**오늘,조*호 기자,기사
571,NAVER,조**즈,김*수 기자,기사
572,NAVER,조**즈,손*석 기자,기사
573,DAUM,뉴**,이*기 기자,기사
574,NAVER,경**문,이*주 기자,기사
575,NAVER,뉴**,이*문 기자,기사
576,NAVER,머**데이,류*영 기자,기사
577,NAVER,뉴**,박*진 기자,기사
578,NAVER,머**데이,백*수 기자,기사
579,NAVER,뉴**,서*선 기자,기사
580,NAVER,서**제,고*본 기자,기사
581,DAUM,국**보,천*주 기자,기사
582,NAVER,경**문,손*민 기자,기사
583,NAVER,서**제,오*환 기자,기사
584,NAVER,서**제,강*우 기자,기사
585,NAVER,조**보,안*호 기자,기사
586,DAUM,미**오늘,조*호 기자,기사
587,DAUM,뉴**,김*철 기자,기사
588,DAUM,데**안,조*학 기자,기사
589,NAVER,S** Biz,김*교 기자,기사
590,DAUM,서**제,강*우 기자,기사
591,NAVER,뉴**,박*진 기자,기사
592,NAVER,미**오늘,조*호 기자,기사
593,NAVER,뉴**,박*양 기자,기사
594,DAUM,뉴**,박*진 기자,기사
595,NAVER,조**즈,설*인 기자,기사
596,NAVER,머**,심*주 기자,기사
597,NAVER,조**보,이*석 기자,기사
598,NAVER,동**이언스,송*은 기자,기사
599,NAVER,서**제,강*우 기자,기사
600,NAVER,조**보,유*훈 기자,기사
601,NAVER,서**제,김*영 기자,기사
602,NAVER,조**즈,설*인 기자,기사
603,NAVER,S** Biz,임*윤 기자,기사
604,DAUM,조**즈,설*인 기자,기사
605,NAVER,조**즈,안*희 기자,기사
606,NAVER,머**,박*영 기자,기사
607,NAVER,서**제,강*우 기자,기사
608,DAUM,뉴**,박*희 기자,기사
609,NAVER,뉴**,임*영 기자,기사
610,DAUM,문**보,이*권 기자,기사
611,NAVER,뉴**,조*영 기자,기사
612,NAVER,뉴**,김*연 기자,기사
613,NAVER,문**보,박*민 기자,기사
614,DAUM,뉴**,임*영 기자,기사
615,DAUM,뉴**,임*영 기자,기사
616,NAVER,조**보,안*호 기자,기사
617,NAVER,S** Biz,김*교 기자,기사
618,NAVER,S** Biz,손*우 기자,기사
619,DAUM,뉴**,박*진 기자,기사
620,DAUM,S**,진*민 기자,기사
621,NAVER,문**보,김*남 기자,기사
622,DAUM,S**,민*호 기자,기사
623,DAUM,서**제,김*영 기자,기사
624,NAVER,조**보,윤*훈 기자,기사
625,NAVER,서**제,강*우 기자,기사
626,NAVER,데**안,이*재 기자,기사
627,NAVER,서**제,하*연 기자,기사
628,NAVER,서**제,김*리 기자,기사
629,NAVER,뉴**,박*진 기자,기사
630,NAVER,미**오늘,조*호 기자,기사
631,NAVER,머**데이,김*늬 기자,기사
632,NAVER,머**데이,김*늬 기자,기사
633,NAVER,조**보,박*엽 기자,기사
634,NAVER,머**데이,김*늬 기자,기사
635,NAVER,문**보,박*민 기자,기사
636,DAUM,머**데이,김*늬 기자,기사
637,NAVER,조**보,전*용 기자,기사
638,NAVER,조**보,유*훈 기자,기사
639,NAVER,조**즈,설*인 기자,기사
640,DAUM,미**오늘,조*호 기자,기사
641,NAVER,문**보,김*채 기자,기사
642,NAVER,문**보,박*학 기자,기사
643,DAUM,데**안,이*재 기자,기사
644,NAVER,S** Biz,손*우 기자,기사
645,NAVER,미**오늘,조*호 기자,기사
646,NAVER,조**즈,조*동 기자,기사
647,NAVER,머**데이,김*늬 기자,기사
648,NAVER,머**데이,김*늬 기자,기사
649,DAUM,뉴**,홍*삼 기자,기사
650,DAUM,뉴**,배*은 기자,기사
651,NAVER,서**제,홍*라 기자,기사
652,NAVER,데**안,김*주 기자,기사
653,DAUM,조**즈,안*희 기자,기사
654,DAUM,동**보,박*준 기자,기사
655,DAUM,서**제,홍*라 기자,기사
656,DAUM,서**제,오*환 기자,기사
657,NAVER,데**안,이*재 기자,기사
658,NAVER,조**보,안*영 기자,기사
659,NAVER,서**제,홍*라 기자,기사
660,NAVER,S**,이*미 기자,기사
661,NAVER,데**안,조*학 기자,기사
662,DAUM,데**안,조*학 기자,기사
663,NAVER,데**안,조*학 기자,기사
664,NAVER,서**제,정*정 기자,기사
665,NAVER,조**즈,전*용 기자,기사
666,NAVER,문**보,이*완 기자,기사
667,NAVER,문**보,박*민 기자,기사
668,NAVER,서**제,강*우 기자,기사
669,DAUM,조**즈,설*인 기자,기사
670,NAVER,머**데이,지*호 기자,기사
671,NAVER,미**오늘,조*호 기자,기사
672,NAVER,머**,김*향 기자,기사
673,DAUM,조**즈,정*석 기자,기사
674,NAVER,서**제,강*우 기자,기사
675,NAVER,문**보,이*완 기자,기사
676,NAVER,문**보,박*민 기자,기사
677,NAVER,데**안,조*학 기자,기사
678,NAVER,데**안,조*학 기자,기사
679,NAVER,문**보,박*민 기자,기사
680,NAVER,문**보,김*훈 기자,기사
681,DAUM,뉴**,한*희 기자,기사
682,NAVER,조**즈,설*인 기자,기사
683,NAVER,문**보,신*섭 기자,기사
684,NAVER,데**안,조*학 기자,기사
685,NAVER,머**데이,우*희 기자,기사
686,DAUM,조**즈,안*호 기자,기사
687,DAUM,미**오늘,정*운 기자,기사
688,DAUM,조**즈,안*희 기자,기사
689,NAVER,조**보,이*진 기자,기사
690,DAUM,뉴**,임*영 기자,기사
691,NAVER,문**보,박*수 기자,기사
692,NAVER,뉴**,박*태 기자,기사
693,NAVER,데**안,조*학 기자,기사
694,DAUM,뉴**,강*한 기자,기사
695,NAVER,뉴**,임*영 기자,기사
696,NAVER,뉴**,임*영 기자,기사
697,NAVER,뉴**,임*영 기자,기사
698,NAVER,뉴**,박*태 기자,기사
699,NAVER,경**문,정*미 기자,기사
700,NAVER,데**안,홍*표 기자,기사
701,NAVER,뉴**,임*영 기자,기사
702,NAVER,뉴**,임*영 기자,기사
703,NAVER,뉴**,임*영 기자,기사
704,DAUM,데**안,홍*표 기자,기사
705,NAVER,문**보,이*권 기자,기사
706,NAVER,조**즈,전*용 기자,기사
707,NAVER,조**보,유*훈 기자,기사
708,DAUM,동**보,이*샘 기자,기사
709,NAVER,동**이언스,송*은 기자,기사
710,DAUM,조**즈,이*훈 기자,기사
711,NAVER,머**데이,이*원 기자,기사
712,NAVER,한**제TV,방*후 기자,기사
713,NAVER,서**제,정*은 기자,기사
714,DAUM,조**즈,안*희 기자,기사
715,DAUM,서**제,고*기 기자,기사
716,NAVER,머**데이,한*선 기자,기사
717,NAVER,뉴**,박*태 기자,기사
718,NAVER,데**안,조*학 기자,기사
719,DAUM,머**,이*듬 기자,기사
720,DAUM,S** Biz,신*철 기자,기사
721,NAVER,뉴**,임*영 기자,기사
722,DAUM,뉴**,임*영 기자,기사
723,DAUM,뉴**,임*영 기자,기사
724,NAVER,뉴**,임*영 기자,기사
725,NAVER,데**안,홍*표 기자,기사
726,NAVER,데**안,홍*표 기자,기사
727,NAVER,데**안,조*학 기자,기사
728,NAVER,데**안,조*영 기자,기사
729,NAVER,조**보,전*용 기자,기사
730,NAVER,문**보,이*권 기자,기사
731,NAVER,서**제,서*우 기자,기사
732,NAVER,동**이언스,송*은 기자,기사
733,NAVER,서**제,고*기 기자,기사
734,NAVER,뉴**,강*규 기자,기사
735,NAVER,서**제,변*우 기자,기사
736,DAUM,조**즈,안*호 기자,기사
737,NAVER,동**보,이*샘 기자,기사
738,NAVER,뉴**,구*운 기자,기사
739,NAVER,뉴**,강*규 기자,기사
740,DAUM,신**,김*림 기자,기사
741,NAVER,문**보,박*민 기자,기사
742,NAVER,국**보,이*민 기자,기사
743,DAUM,시**널,송*섭 기자,기사
744,NAVER,신**,고*석 기자,기사
745,NAVER,머**데이,김*우 기자,기사
746,NAVER,문**보,김*진 기자,기사
747,NAVER,머**데이,안*용 기자,기사
748,NAVER,뉴**,김*은 기자,기사
749,DAUM,S** Biz,박*준 기자,기사
750,DAUM,서**제,박*윤 기자,기사
751,NAVER,신**,김*림 기자,기사
752,NAVER,서**제,김*리 기자,기사
753,DAUM,머**데이,안*용 기자,기사
754,DAUM,머**데이,김*남 기자,기사
755,DAUM,데**안,조*학 기자,기사
756,DAUM,조**즈,김*수 기자,기사
757,NAVER,조**즈,안*희 기자,기사
758,NAVER,머**,박*필 기자,기사
759,NAVER,경**문,이*영 기자,기사
760,NAVER,동**보,이*샘 기자,기사
761,NAVER,문**보,이*권 기자,기사
762,DAUM,조**즈,이*훈 기자,기사
763,NAVER,미**오늘,김*연 기자,기사
764,NAVER,서**제,김*현 기자,기사
765,NAVER,서**제,박*신 기자,기사
766,NAVER,조**즈,조*원 기자,기사
767,NAVER,조**즈,설*인 기자,기사
768,NAVER,S**,동*호 기자,기사
769,DAUM,동**보,이*샘 기자,기사
770,NAVER,뉴**,임*영 기자,기사
771,NAVER,뉴**,임*영 기자,기사
772,NAVER,문**보,손*성 기자,기사
773,DAUM,뉴**,최*망 기자,기사
774,NAVER,서**제,강*우 기자,기사
775,NAVER,데**안,조*학 기자,기사
776,NAVER,조**즈,최*준 기자,기사
777,NAVER,서**제,한*영 기자,기사
778,NAVER,머**데이,한*연 기자,기사
779,NAVER,문**보,노*열 기자,기사
780,NAVER,조**보,윤*혁 기자,기사
781,DAUM,뉴**,조*주 기자,기사
782,NAVER,조**보,김*재 기자,기사
783,NAVER,머**데이,송*유 기자,기사
784,NAVER,문**보,방*배 기자,기사
785,NAVER,조**보,안*호 기자,기사
786,DAUM,조**즈,조*원 기자,기사
787,DAUM,머**데이,한*선 기자,기사
788,DAUM,뉴**,김*훈 기자,기사
789,NAVER,뉴**,조*주 기자,기사
790,DAUM,조**보,윤*훈 기자,기사
791,NAVER,조**보,정*영 기자,기사
792,NAVER,미**오늘,정*운 기자,기사
793,NAVER,서**제,임*혁 기자,기사
794,DAUM,서**제,홍*석 기자,기사
795,NAVER,머**데이,한*선 기자,기사
796,NAVER,데**안,조*영 기자,기사
797,NAVER,머**,김*성 기자,기사
798,NAVER,조**보,홍*영 기자,기사
799,NAVER,머**데이,우*희 기자,기사
800,NAVER,데**안,조*학 기자,기사
801,NAVER,경**문,조*국 기자,기사
802,NAVER,국**보,심*삼 기자,기사
803,NAVER,미**오늘,노*민 기자,기사
804,DAUM,동**보,박*근 기자,기사
805,NAVER,문**보,김*구 기자,기사
806,NAVER,국**보,유*열 기자,기사
807,NAVER,조**즈,설*인 기자,기사
808,DAUM,뉴**,이*호 기자,기사
809,NAVER,뉴**,이*호 기자,기사
810,DAUM,뉴**,이*호 기자,기사
811,NAVER,뉴**,이*호 기자,기사
812,NAVER,조**즈,안*희 기자,기사
813,NAVER,머**데이,이*범 기자,기사
814,DAUM,서**제,오*환 기자,기사
815,DAUM,동**이언스,김*수 기자,기사
816,NAVER,문**보,박*학 기자,기사
817,NAVER,조**즈,안*희 기자,기사
818,NAVER,뉴**,구*운 기자,기사
819,DAUM,조**즈,조*원 기자,기사
820,DAUM,머**데이,강*헌 기자,기사
821,NAVER,머**데이,이*범 기자,기사
822,DAUM,머**데이,이*범 기자,기사
823,DAUM,조**보,이*진 기자,기사
824,NAVER,동**보,유*형 기자,기사
825,NAVER,조**보,최*준 기자,기사
826,NAVER,뉴**,이*진 기자,기사
827,NAVER,조**즈,안*희 기자,기사
828,NAVER,조**즈,안*희 기자,기사
829,NAVER,서**제,하*연 기자,기사
830,NAVER,경**문,김*솔 기자,기사
831,NAVER,뉴**,박*호 기자,기사
832,NAVER,뉴**,김*은 기자,기사
833,NAVER,S**,권* 기자,기사
834,NAVER,데**안,조*학 기자,기사
835,NAVER,뉴**,박*호 기자,기사
836,DAUM,서**제,송*희 기자,기사
837,NAVER,머**데이,김*늬 기자,기사
838,NAVER,경**문,정*혁 기자,기사
839,NAVER,서**제,강*우 기자,기사
840,DAUM,서**제,강*우 기자,기사
841,NAVER,서**제,강*우 기자,기사
842,NAVER,조**즈,안*희 기자,기사
843,DAUM,문**보,유*환 기자,기사
844,NAVER,서**제,정*은 기자,기사
845,NAVER,머**,강*신 기자,기사
846,NAVER,문**보,조*연 기자,기사
847,NAVER,경**문,정*혁 기자,기사
848,NAVER,뉴**,이*진 기자,기사
849,DAUM,국**보,이*선 기자,기사
850,DAUM,머**데이,이*원 기자,기사
851,NAVER,머**데이,이*원 기자,기사
852,NAVER,조**보,주*연 기자,기사
853,DAUM,머**데이,김*늬 기자,기사
854,DAUM,S** Biz,손*우 기자,기사
855,DAUM,문**보,이*완 기자,기사
856,DAUM,조**즈,설*인 기자,기사
857,NAVER,뉴**,나*윤 기자,기사
858,NAVER,문**보,박*민 기자,기사
859,NAVER,국**보,이*민 기자,기사
860,NAVER,뉴**,조*영 기자,기사
861,NAVER,경**문,김*솔 기자,기사
862,DAUM,미**오늘,조*호 기자,기사
863,NAVER,머**데이,김*늬 기자,기사
864,NAVER,경**문,조*국 기자,기사
865,NAVER,서**제,이*원 기자,기사
866,NAVER,머**데이,하*린 기자,기사
867,NAVER,뉴**,정*지 기자,기사
868,NAVER,머**데이,최*민 기자,기사
869,DAUM,경**문,손*민 기자,기사
870,NAVER,서**제,김*상 기자,기사
871,NAVER,문**보,김*채 기자,기사
872,NAVER,데**안,이*림 기자,기사
873,DAUM,경**문,조*국 기자,기사
874,NAVER,국**보,임*수 기자,기사
875,NAVER,서**제,양*윤 기자,기사
876,NAVER,데**안,이*림 기자,기사
877,NAVER,서**제,김*경 기자,기사
878,NAVER,서**제,노*표 기자,기사
879,NAVER,S**,동*호 기자,기사
880,NAVER,S**,동*호 기자,기사
881,DAUM,조**즈,안*희 기자,기사
882,NAVER,조**보,이*진 기자,기사
883,NAVER,데**안,조*학 기자,기사
884,NAVER,데**안,조*학 기자,기사
885,NAVER,데**안,조*학 기자,기사
886,DAUM,뉴**,이*진 기자,기사
887,DAUM,머**데이,김*늬 기자,기사
888,DAUM,뉴**,이*진 기자,기사
889,NAVER,S**,동*호 기자,기사
890,DAUM,경**문,조*국 기자,기사
891,NAVER,경**문,허*설 기자,기사
892,NAVER,서**제,임*훈 기자,기사
893,NAVER,조**보,김*하 기자,기사
894,DAUM,서**제,윤*영 기자,기사
895,NAVER,머**데이,김*늬 기자,기사
896,NAVER,서**제,변*우 기자,기사
897,NAVER,머**데이,한*연 기자,기사
898,NAVER,뉴**,김*섭 기자,기사
899,NAVER,문**보,민*기 기자,기사
900,NAVER,조**보,안*호 기자,기사
901,NAVER,동**보,정*상 기자,기사
902,NAVER,문**보,박*민 기자,기사
903,NAVER,동**이언스,송*은 기자,기사
904,DAUM,조**즈,설*인 기자,기사
905,NAVER,문**보,박*수 기자,기사
906,NAVER,문**보,유*경 기자,기사
907,NAVER,문**보,이*권 기자,기사
908,DAUM,서**제,김*상 기자,기사
909,NAVER,동**보,한*준 기자,기사
910,DAUM,서**제,강*우 기자,기사
911,NAVER,조**즈,설*인 기자,기사
912,NAVER,서**제,임*혁 기자,기사
913,NAVER,서**제,하*연 기자,기사
914,DAUM,조**즈,정*상 기자,기사
915,DAUM,조**보,박*기 기자,기사
916,NAVER,문**보,유*권 기자,기사
917,NAVER,조**즈,안*호 기자,기사
918,NAVER,머**데이,정*우 기자,기사
919,DAUM,서**제,정*구 기자,기사
920,DAUM,문**보,박*민 기자,기사
921,NAVER,조**보,유*훈 기자,기사
922,DAUM,동**이언스,송*은 기자,기사
923,DAUM,S**,신*이 기자,기사
924,NAVER,뉴**,정*훈 기자,기사
925,NAVER,뉴**,전*민 기자,기사
926,NAVER,뉴**,전*민 기자,기사
927,NAVER,뉴**,이*진 기자,기사
928,NAVER,데**안,고*정 기자,기사
929,NAVER,머**데이,백*수 기자,기사
930,NAVER,서**제,양*윤 기자,기사
931,NAVER,S**,이*성 기자,기사
932,NAVER,서**제,변*우 기자,기사
933,NAVER,S**,김*인 기자,기사
934,NAVER,국**보,강*구 기자,기사
935,NAVER,조**보,최*진 기자,기사
936,DAUM,신**,송*선 기자,기사
937,NAVER,한**제TV,임*진 기자,기사
938,NAVER,데**안,이*림 기자,기사
939,NAVER,미**오늘,조*호 기자,기사
940,DAUM,문**보,장*철 기자,기사
941,NAVER,S**,이*성 기자,기사
942,NAVER,데**안,박*국 기자,기사
943,DAUM,서**제,윤*영 기자,기사
944,NAVER,데**안,고*정 기자,기사
945,NAVER,머**데이,김*우 기자,기사
946,NAVER,서**제,윤*영 기자,기사
947,NAVER,국**보,심*삼 기자,기사
948,NAVER,국**보,박*지 기자,기사
949,DAUM,서**제,이*원 기자,기사
950,DAUM,뉴**,박*오 기자,기사
951,NAVER,서**제,윤*영 기자,기사
952,NAVER,S**,동*호 기자,기사
953,DAUM,뉴**,박*진 기자,기사
954,DAUM,뉴**,김*은 기자,기사
955,DAUM,S**,남*민 기자,기사
956,DAUM,국**보,김*석 기자,기사
957,NAVER,뉴**,김*섭 기자,기사
958,NAVER,뉴**,김*섭 기자,기사
959,NAVER,뉴**,김*섭 기자,기사
960,NAVER,뉴**,김*섭 기자,기사
961,NAVER,뉴**,김*섭 기자,기사
962,DAUM,뉴**,김*섭 기자,기사
963,NAVER,뉴**,김*섭 기자,기사
964,NAVER,데**안,조*학 기자,기사
965,NAVER,조**즈,안*희 기자,기사
966,NAVER,서**제,박*규 기자,기사
967,NAVER,경**문,남*원 기자,기사
968,NAVER,경**문,남*원 기자,기사
969,DAUM,뉴**,박*연 기자,기사
970,NAVER,뉴**,박*연 기자,기사
971,NAVER,서**제,강*우 기자,기사
972,NAVER,서**제,강*우 기자,기사
973,DAUM,서**제,강*우 기자,기사
974,NAVER,뉴**,박*연 기자,기사
975,NAVER,S**,이*성 기자,기사
976,NAVER,뉴**,강*규 기자,기사
977,NAVER,서**제,박*신 기자,기사
978,NAVER,동**이언스,김*수 기자,기사
979,NAVER,문**보,조*연 기자,기사
980,NAVER,조**보,이*진 기자,기사
981,DAUM,뉴**,전*민 기자,기사
982,NAVER,머**데이,김*우 기자,기사
983,NAVER,동**보,송*현 기자,기사
984,NAVER,뉴**,박*호 기자,기사
985,NAVER,서**제,이*원 기자,기사
986,DAUM,서**제,강*우 기자,기사
987,DAUM,문**보,오*석 기자,기사
988,DAUM,뉴**,강*한 기자,기사
989,NAVER,뉴**,박*범 기자,기사
990,DAUM,뉴**,박*연 기자,기사
991,NAVER,뉴**,박*연 기자,기사
992,NAVER,뉴**,박*연 기자,기사
993,NAVER,뉴**,박*연 기자,기사
994,DAUM,뉴**,박*연 기자,기사
995,NAVER,뉴**,박*연 기자,기사
996,NAVER,서**제,이*원 기자,기사
997,NAVER,조**보,유*훈 기자,기사
998,NAVER,뉴**,유*규 기자,기사
999,NAVER,서**제,박*희 기자,기사
